<BackupInst xmlns="http://www.microsoft.com/GroupPolicy/GPOOperations/Manifest"><GPOGuid><![CDATA[{1D0386B8-0F5B-4698-AF02-CAE2E52A4592}]]></GPOGuid><GPODomain><![CDATA[security.local]]></GPODomain><GPODomainGuid><![CDATA[{1aa99723-c6bc-446c-aa05-83ce7e927986}]]></GPODomainGuid><GPODomainController><![CDATA[DC-SEC-01.security.local]]></GPODomainController><BackupTime><![CDATA[2019-11-12T00:30:05]]></BackupTime><ID><![CDATA[{6458B19A-73D5-4F93-8841-DA93A72F18F5}]]></ID><Comment><![CDATA[]]></Comment><GPODisplayName><![CDATA[MSFT Windows 10 1909 and Server 1909 - Domain Security]]></GPODisplayName></BackupInst>
