<BackupInst xmlns="http://www.microsoft.com/GroupPolicy/GPOOperations/Manifest"><GPOGuid><![CDATA[{56B8B726-E3D2-4D7B-8451-A8F4068148B2}]]></GPOGuid><GPODomain><![CDATA[security.local]]></GPODomain><GPODomainGuid><![CDATA[{1aa99723-c6bc-446c-aa05-83ce7e927986}]]></GPODomainGuid><GPODomainController><![CDATA[DC-SEC-01.security.local]]></GPODomainController><BackupTime><![CDATA[2019-11-12T00:30:05]]></BackupTime><ID><![CDATA[{BA64EEBE-B4EC-47F2-BED8-C53274D6CDF2}]]></ID><Comment><![CDATA[]]></Comment><GPODisplayName><![CDATA[MSFT Windows 10 1909 and Server 1909 Member Server - Credential Guard]]></GPODisplayName></BackupInst>
