<Backups xmlns="http://www.microsoft.com/GroupPolicy/GPOOperations/Manifest" xmlns:mfst="http://www.microsoft.com/GroupPolicy/GPOOperations/Manifest" mfst:version="1.0"><BackupInst><GPOGuid><![CDATA[{736029FF-BB97-4FC0-A5F3-FEC8DE90908C}]]></GPOGuid><GPODomain><![CDATA[security.local]]></GPODomain><GPODomainGuid><![CDATA[{6f0514af-6cc4-48d1-b2ef-2310ad5fc57b}]]></GPODomainGuid><GPODomainController><![CDATA[DC-SEC-01.security.local]]></GPODomainController><BackupTime><![CDATA[2021-04-28T22:27:43]]></BackupTime><ID><![CDATA[{1E79DACD-F0E4-4C46-BC3E-012AB1E281A5}]]></ID><Comment><![CDATA[]]></Comment><GPODisplayName><![CDATA[MSFT M365 Apps for enterprise 2104 - User]]></GPODisplayName></BackupInst><BackupInst><GPOGuid><![CDATA[{38B794AC-A419-46B4-905F-9217C3510152}]]></GPOGuid><GPODomain><![CDATA[security.local]]></GPODomain><GPODomainGuid><![CDATA[{6f0514af-6cc4-48d1-b2ef-2310ad5fc57b}]]></GPODomainGuid><GPODomainController><![CDATA[DC-SEC-01.security.local]]></GPODomainController><BackupTime><![CDATA[2021-04-28T22:27:42]]></BackupTime><ID><![CDATA[{F3B1FCE6-9462-4D64-AE70-29E4344D20F1}]]></ID><Comment><![CDATA[]]></Comment><GPODisplayName><![CDATA[MSFT M365 Apps for enterprise 2104 - Require Macro Signing - User]]></GPODisplayName></BackupInst><BackupInst><GPOGuid><![CDATA[{DE75F7E0-B75C-41F7-AC90-2C3F3DA49C82}]]></GPOGuid><GPODomain><![CDATA[security.local]]></GPODomain><GPODomainGuid><![CDATA[{6f0514af-6cc4-48d1-b2ef-2310ad5fc57b}]]></GPODomainGuid><GPODomainController><![CDATA[DC-SEC-01.security.local]]></GPODomainController><BackupTime><![CDATA[2021-04-28T22:27:42]]></BackupTime><ID><![CDATA[{02C0F0D7-74B6-41FE-A92B-0F9F8B32A25F}]]></ID><Comment><![CDATA[]]></Comment><GPODisplayName><![CDATA[MSFT M365 Apps for enterprise 2104 - Legacy JScript Block - Computer]]></GPODisplayName></BackupInst><BackupInst><GPOGuid><![CDATA[{EF439B69-A375-4A59-88F3-4F3492FE583F}]]></GPOGuid><GPODomain><![CDATA[security.local]]></GPODomain><GPODomainGuid><![CDATA[{6f0514af-6cc4-48d1-b2ef-2310ad5fc57b}]]></GPODomainGuid><GPODomainController><![CDATA[DC-SEC-01.security.local]]></GPODomainController><BackupTime><![CDATA[2021-04-28T22:27:42]]></BackupTime><ID><![CDATA[{29489F19-2CCE-4635-AA35-55CB06D75EC4}]]></ID><Comment><![CDATA[]]></Comment><GPODisplayName><![CDATA[MSFT M365 Apps for enterprise 2104 - Legacy File Block - User]]></GPODisplayName></BackupInst><BackupInst><GPOGuid><![CDATA[{E6A0576A-5C86-4483-91D2-79F998B33DE3}]]></GPOGuid><GPODomain><![CDATA[security.local]]></GPODomain><GPODomainGuid><![CDATA[{6f0514af-6cc4-48d1-b2ef-2310ad5fc57b}]]></GPODomainGuid><GPODomainController><![CDATA[DC-SEC-01.security.local]]></GPODomainController><BackupTime><![CDATA[2021-04-28T22:27:42]]></BackupTime><ID><![CDATA[{BA1AA3BB-2479-4C9A-B86D-480FDD48DEB9}]]></ID><Comment><![CDATA[]]></Comment><GPODisplayName><![CDATA[MSFT M365 Apps for enterprise 2104 - DDE Block - User]]></GPODisplayName></BackupInst><BackupInst><GPOGuid><![CDATA[{B2E90A77-91AA-4532-8B2E-DBFAA8F35A06}]]></GPOGuid><GPODomain><![CDATA[security.local]]></GPODomain><GPODomainGuid><![CDATA[{6f0514af-6cc4-48d1-b2ef-2310ad5fc57b}]]></GPODomainGuid><GPODomainController><![CDATA[DC-SEC-01.security.local]]></GPODomainController><BackupTime><![CDATA[2021-04-28T22:27:41]]></BackupTime><ID><![CDATA[{52C7424B-D757-480D-8E3C-EB99CCC56AD8}]]></ID><Comment><![CDATA[]]></Comment><GPODisplayName><![CDATA[MSFT M365 Apps for enterprise 2104 - Computer]]></GPODisplayName></BackupInst></Backups>