<BackupInst xmlns="http://www.microsoft.com/GroupPolicy/GPOOperations/Manifest"><GPOGuid><![CDATA[{736029FF-BB97-4FC0-A5F3-FEC8DE90908C}]]></GPOGuid><GPODomain><![CDATA[security.local]]></GPODomain><GPODomainGuid><![CDATA[{6f0514af-6cc4-48d1-b2ef-2310ad5fc57b}]]></GPODomainGuid><GPODomainController><![CDATA[DC-SEC-01.security.local]]></GPODomainController><BackupTime><![CDATA[2021-04-28T22:27:43]]></BackupTime><ID><![CDATA[{1E79DACD-F0E4-4C46-BC3E-012AB1E281A5}]]></ID><Comment><![CDATA[]]></Comment><GPODisplayName><![CDATA[MSFT M365 Apps for enterprise 2104 - User]]></GPODisplayName></BackupInst>
