<Backups xmlns="http://www.microsoft.com/GroupPolicy/GPOOperations/Manifest" xmlns:mfst="http://www.microsoft.com/GroupPolicy/GPOOperations/Manifest" mfst:version="1.0"><BackupInst><GPOGuid><![CDATA[{996B3F87-FC3E-4E1D-9194-77D5C77D5C22}]]></GPOGuid><GPODomain><![CDATA[security.local]]></GPODomain><GPODomainGuid><![CDATA[{1aa99723-c6bc-446c-aa05-83ce7e927986}]]></GPODomainGuid><GPODomainController><![CDATA[DC-SEC-01.security.local]]></GPODomainController><BackupTime><![CDATA[2019-11-12T00:30:06]]></BackupTime><ID><![CDATA[{3657C7A2-3FF3-4C21-9439-8FDF549F1D68}]]></ID><Comment><![CDATA[]]></Comment><GPODisplayName><![CDATA[MSFT Windows Server 1909 - Member Server]]></GPODisplayName></BackupInst><BackupInst><GPOGuid><![CDATA[{E912B82F-B367-4C58-9E13-07AC0491F12F}]]></GPOGuid><GPODomain><![CDATA[security.local]]></GPODomain><GPODomainGuid><![CDATA[{1aa99723-c6bc-446c-aa05-83ce7e927986}]]></GPODomainGuid><GPODomainController><![CDATA[DC-SEC-01.security.local]]></GPODomainController><BackupTime><![CDATA[2019-11-12T00:30:05]]></BackupTime><ID><![CDATA[{C9E694FF-5E05-4838-8692-5A3F575F3BFC}]]></ID><Comment><![CDATA[]]></Comment><GPODisplayName><![CDATA[MSFT Windows Server 1909 - Domain Controller Virtualization Based Security]]></GPODisplayName></BackupInst><BackupInst><GPOGuid><![CDATA[{E911AD4D-9C89-4BE3-AE6E-269D734C2330}]]></GPOGuid><GPODomain><![CDATA[security.local]]></GPODomain><GPODomainGuid><![CDATA[{1aa99723-c6bc-446c-aa05-83ce7e927986}]]></GPODomainGuid><GPODomainController><![CDATA[DC-SEC-01.security.local]]></GPODomainController><BackupTime><![CDATA[2019-11-12T00:30:05]]></BackupTime><ID><![CDATA[{ABC66265-8884-49F9-9621-0213E3566A6B}]]></ID><Comment><![CDATA[]]></Comment><GPODisplayName><![CDATA[MSFT Windows Server 1909 - Domain Controller]]></GPODisplayName></BackupInst><BackupInst><GPOGuid><![CDATA[{56B8B726-E3D2-4D7B-8451-A8F4068148B2}]]></GPOGuid><GPODomain><![CDATA[security.local]]></GPODomain><GPODomainGuid><![CDATA[{1aa99723-c6bc-446c-aa05-83ce7e927986}]]></GPODomainGuid><GPODomainController><![CDATA[DC-SEC-01.security.local]]></GPODomainController><BackupTime><![CDATA[2019-11-12T00:30:05]]></BackupTime><ID><![CDATA[{BA64EEBE-B4EC-47F2-BED8-C53274D6CDF2}]]></ID><Comment><![CDATA[]]></Comment><GPODisplayName><![CDATA[MSFT Windows 10 1909 and Server 1909 Member Server - Credential Guard]]></GPODisplayName></BackupInst><BackupInst><GPOGuid><![CDATA[{1D0386B8-0F5B-4698-AF02-CAE2E52A4592}]]></GPOGuid><GPODomain><![CDATA[security.local]]></GPODomain><GPODomainGuid><![CDATA[{1aa99723-c6bc-446c-aa05-83ce7e927986}]]></GPODomainGuid><GPODomainController><![CDATA[DC-SEC-01.security.local]]></GPODomainController><BackupTime><![CDATA[2019-11-12T00:30:05]]></BackupTime><ID><![CDATA[{6458B19A-73D5-4F93-8841-DA93A72F18F5}]]></ID><Comment><![CDATA[]]></Comment><GPODisplayName><![CDATA[MSFT Windows 10 1909 and Server 1909 - Domain Security]]></GPODisplayName></BackupInst><BackupInst><GPOGuid><![CDATA[{25AE1E1D-ED23-40F3-B71F-29B2BD9BB85C}]]></GPOGuid><GPODomain><![CDATA[security.local]]></GPODomain><GPODomainGuid><![CDATA[{1aa99723-c6bc-446c-aa05-83ce7e927986}]]></GPODomainGuid><GPODomainController><![CDATA[DC-SEC-01.security.local]]></GPODomainController><BackupTime><![CDATA[2019-11-12T00:30:04]]></BackupTime><ID><![CDATA[{6359FA45-B4E8-4B56-864A-591B4DD8642C}]]></ID><Comment><![CDATA[]]></Comment><GPODisplayName><![CDATA[MSFT Windows 10 1909 and Server 1909 - Defender Antivirus]]></GPODisplayName></BackupInst><BackupInst><GPOGuid><![CDATA[{5EFE73E2-0243-4B76-A042-D81016CB6C33}]]></GPOGuid><GPODomain><![CDATA[security.local]]></GPODomain><GPODomainGuid><![CDATA[{1aa99723-c6bc-446c-aa05-83ce7e927986}]]></GPODomainGuid><GPODomainController><![CDATA[DC-SEC-01.security.local]]></GPODomainController><BackupTime><![CDATA[2019-11-12T00:30:04]]></BackupTime><ID><![CDATA[{45CA52BB-19DE-487A-9CE8-0A95B18F6054}]]></ID><Comment><![CDATA[]]></Comment><GPODisplayName><![CDATA[MSFT Windows 10 1909 - User]]></GPODisplayName></BackupInst><BackupInst><GPOGuid><![CDATA[{2F9159A7-CDD4-4891-BCBB-79232B2778BF}]]></GPOGuid><GPODomain><![CDATA[security.local]]></GPODomain><GPODomainGuid><![CDATA[{1aa99723-c6bc-446c-aa05-83ce7e927986}]]></GPODomainGuid><GPODomainController><![CDATA[DC-SEC-01.security.local]]></GPODomainController><BackupTime><![CDATA[2019-11-12T00:30:04]]></BackupTime><ID><![CDATA[{ECA4D7B0-93B4-47C2-BC43-8AC523D4D75E}]]></ID><Comment><![CDATA[]]></Comment><GPODisplayName><![CDATA[MSFT Windows 10 1909 - Computer]]></GPODisplayName></BackupInst><BackupInst><GPOGuid><![CDATA[{508FC842-BB2F-4E9A-95DE-0621A2E47D7B}]]></GPOGuid><GPODomain><![CDATA[security.local]]></GPODomain><GPODomainGuid><![CDATA[{1aa99723-c6bc-446c-aa05-83ce7e927986}]]></GPODomainGuid><GPODomainController><![CDATA[DC-SEC-01.security.local]]></GPODomainController><BackupTime><![CDATA[2019-11-12T00:30:03]]></BackupTime><ID><![CDATA[{159ECA05-4C14-4DE4-94FE-578543473D7C}]]></ID><Comment><![CDATA[]]></Comment><GPODisplayName><![CDATA[MSFT Windows 10 1909 - BitLocker]]></GPODisplayName></BackupInst><BackupInst><GPOGuid><![CDATA[{CB222E82-914F-4560-91F1-DEF7A0E964D1}]]></GPOGuid><GPODomain><![CDATA[security.local]]></GPODomain><GPODomainGuid><![CDATA[{1aa99723-c6bc-446c-aa05-83ce7e927986}]]></GPODomainGuid><GPODomainController><![CDATA[DC-SEC-01.security.local]]></GPODomainController><BackupTime><![CDATA[2019-11-12T00:30:03]]></BackupTime><ID><![CDATA[{4E60D2FB-5E65-4AAB-843E-836833DEFA15}]]></ID><Comment><![CDATA[]]></Comment><GPODisplayName><![CDATA[MSFT Internet Explorer 11 - User]]></GPODisplayName></BackupInst><BackupInst><GPOGuid><![CDATA[{0655E13C-1744-4738-9965-34FEB87A6430}]]></GPOGuid><GPODomain><![CDATA[security.local]]></GPODomain><GPODomainGuid><![CDATA[{1aa99723-c6bc-446c-aa05-83ce7e927986}]]></GPODomainGuid><GPODomainController><![CDATA[DC-SEC-01.security.local]]></GPODomainController><BackupTime><![CDATA[2019-11-12T00:30:00]]></BackupTime><ID><![CDATA[{6E2073CE-B1B5-4A0F-B1E4-C007BD052B18}]]></ID><Comment><![CDATA[]]></Comment><GPODisplayName><![CDATA[MSFT Internet Explorer 11 - Computer]]></GPODisplayName></BackupInst></Backups>