<BackupInst xmlns="http://www.microsoft.com/GroupPolicy/GPOOperations/Manifest"><GPOGuid><![CDATA[{2F9159A7-CDD4-4891-BCBB-79232B2778BF}]]></GPOGuid><GPODomain><![CDATA[security.local]]></GPODomain><GPODomainGuid><![CDATA[{1aa99723-c6bc-446c-aa05-83ce7e927986}]]></GPODomainGuid><GPODomainController><![CDATA[DC-SEC-01.security.local]]></GPODomainController><BackupTime><![CDATA[2019-11-12T00:30:04]]></BackupTime><ID><![CDATA[{ECA4D7B0-93B4-47C2-BC43-8AC523D4D75E}]]></ID><Comment><![CDATA[]]></Comment><GPODisplayName><![CDATA[MSFT Windows 10 1909 - Computer]]></GPODisplayName></BackupInst>
