<BackupInst xmlns="http://www.microsoft.com/GroupPolicy/GPOOperations/Manifest"><GPOGuid><![CDATA[{E912B82F-B367-4C58-9E13-07AC0491F12F}]]></GPOGuid><GPODomain><![CDATA[security.local]]></GPODomain><GPODomainGuid><![CDATA[{1aa99723-c6bc-446c-aa05-83ce7e927986}]]></GPODomainGuid><GPODomainController><![CDATA[DC-SEC-01.security.local]]></GPODomainController><BackupTime><![CDATA[2019-11-12T00:30:05]]></BackupTime><ID><![CDATA[{C9E694FF-5E05-4838-8692-5A3F575F3BFC}]]></ID><Comment><![CDATA[]]></Comment><GPODisplayName><![CDATA[MSFT Windows Server 1909 - Domain Controller Virtualization Based Security]]></GPODisplayName></BackupInst>
