<BackupInst xmlns="http://www.microsoft.com/GroupPolicy/GPOOperations/Manifest"><GPOGuid><![CDATA[{44ED78EF-5F5B-40A1-B332-B4793122028D}]]></GPOGuid><GPODomain><![CDATA[security.local]]></GPODomain><GPODomainGuid><![CDATA[{6f0514af-6cc4-48d1-b2ef-2310ad5fc57b}]]></GPODomainGuid><GPODomainController><![CDATA[DC-SEC-01.security.local]]></GPODomainController><BackupTime><![CDATA[2020-12-17T17:46:52]]></BackupTime><ID><![CDATA[{9993AFAA-218D-49D6-8C88-1AF485924892}]]></ID><Comment><![CDATA[]]></Comment><GPODisplayName><![CDATA[MSFT Windows Server 20H2 - Domain Controller Virtualization Based Security]]></GPODisplayName></BackupInst>
