<BackupInst xmlns="http://www.microsoft.com/GroupPolicy/GPOOperations/Manifest"><GPOGuid><![CDATA[{B2E90A77-91AA-4532-8B2E-DBFAA8F35A06}]]></GPOGuid><GPODomain><![CDATA[security.local]]></GPODomain><GPODomainGuid><![CDATA[{6f0514af-6cc4-48d1-b2ef-2310ad5fc57b}]]></GPODomainGuid><GPODomainController><![CDATA[DC-SEC-01.security.local]]></GPODomainController><BackupTime><![CDATA[2021-04-28T22:27:41]]></BackupTime><ID><![CDATA[{52C7424B-D757-480D-8E3C-EB99CCC56AD8}]]></ID><Comment><![CDATA[]]></Comment><GPODisplayName><![CDATA[MSFT M365 Apps for enterprise 2104 - Computer]]></GPODisplayName></BackupInst>
