<BackupInst xmlns="http://www.microsoft.com/GroupPolicy/GPOOperations/Manifest"><GPOGuid><![CDATA[{582D31BD-8974-43C8-B88B-FC18B4254E87}]]></GPOGuid><GPODomain><![CDATA[security.local]]></GPODomain><GPODomainGuid><![CDATA[{6f0514af-6cc4-48d1-b2ef-2310ad5fc57b}]]></GPODomainGuid><GPODomainController><![CDATA[DC-SEC-01.security.local]]></GPODomainController><BackupTime><![CDATA[2020-12-17T17:46:50]]></BackupTime><ID><![CDATA[{37479D40-276A-4D68-810D-EF653E729812}]]></ID><Comment><![CDATA[]]></Comment><GPODisplayName><![CDATA[MSFT Internet Explorer 11 - User]]></GPODisplayName></BackupInst>
