<BackupInst xmlns="http://www.microsoft.com/GroupPolicy/GPOOperations/Manifest"><GPOGuid><![CDATA[{048EDF92-475E-4360-A38B-025342E2D833}]]></GPOGuid><GPODomain><![CDATA[security.local]]></GPODomain><GPODomainGuid><![CDATA[{6f0514af-6cc4-48d1-b2ef-2310ad5fc57b}]]></GPODomainGuid><GPODomainController><![CDATA[DC-SEC-01.security.local]]></GPODomainController><BackupTime><![CDATA[2021-05-17T17:59:10]]></BackupTime><ID><![CDATA[{219F234C-FAFF-4EC0-A806-9BEAD4393E84}]]></ID><Comment><![CDATA[]]></Comment><GPODisplayName><![CDATA[MSFT Windows 10 21H1 - Defender Antivirus]]></GPODisplayName></BackupInst>
