<BackupInst xmlns="http://www.microsoft.com/GroupPolicy/GPOOperations/Manifest"><GPOGuid><![CDATA[{DE75F7E0-B75C-41F7-AC90-2C3F3DA49C82}]]></GPOGuid><GPODomain><![CDATA[security.local]]></GPODomain><GPODomainGuid><![CDATA[{6f0514af-6cc4-48d1-b2ef-2310ad5fc57b}]]></GPODomainGuid><GPODomainController><![CDATA[DC-SEC-01.security.local]]></GPODomainController><BackupTime><![CDATA[2021-04-28T22:27:42]]></BackupTime><ID><![CDATA[{02C0F0D7-74B6-41FE-A92B-0F9F8B32A25F}]]></ID><Comment><![CDATA[]]></Comment><GPODisplayName><![CDATA[MSFT M365 Apps for enterprise 2104 - Legacy JScript Block - Computer]]></GPODisplayName></BackupInst>
