<BackupInst xmlns="http://www.microsoft.com/GroupPolicy/GPOOperations/Manifest"><GPOGuid><![CDATA[{E9F1D4BF-D7C0-4358-B1CD-6B1F7E1754D3}]]></GPOGuid><GPODomain><![CDATA[security.local]]></GPODomain><GPODomainGuid><![CDATA[{6f0514af-6cc4-48d1-b2ef-2310ad5fc57b}]]></GPODomainGuid><GPODomainController><![CDATA[DC-SEC-01.security.local]]></GPODomainController><BackupTime><![CDATA[2021-05-17T17:59:10]]></BackupTime><ID><![CDATA[{E16ABBC8-2536-4FBB-B121-2A7E0721F1C7}]]></ID><Comment><![CDATA[]]></Comment><GPODisplayName><![CDATA[MSFT Windows 10 21H1 - Domain Security]]></GPODisplayName></BackupInst>
