<BackupInst xmlns="http://www.microsoft.com/GroupPolicy/GPOOperations/Manifest"><GPOGuid><![CDATA[{EF439B69-A375-4A59-88F3-4F3492FE583F}]]></GPOGuid><GPODomain><![CDATA[security.local]]></GPODomain><GPODomainGuid><![CDATA[{6f0514af-6cc4-48d1-b2ef-2310ad5fc57b}]]></GPODomainGuid><GPODomainController><![CDATA[DC-SEC-01.security.local]]></GPODomainController><BackupTime><![CDATA[2021-04-28T22:27:42]]></BackupTime><ID><![CDATA[{29489F19-2CCE-4635-AA35-55CB06D75EC4}]]></ID><Comment><![CDATA[]]></Comment><GPODisplayName><![CDATA[MSFT M365 Apps for enterprise 2104 - Legacy File Block - User]]></GPODisplayName></BackupInst>
