<BackupInst xmlns="http://www.microsoft.com/GroupPolicy/GPOOperations/Manifest"><GPOGuid><![CDATA[{FA0F36D8-14CE-4D94-90F7-66A01DDB07C4}]]></GPOGuid><GPODomain><![CDATA[security.local]]></GPODomain><GPODomainGuid><![CDATA[{6f0514af-6cc4-48d1-b2ef-2310ad5fc57b}]]></GPODomainGuid><GPODomainController><![CDATA[DC-SEC-01.security.local]]></GPODomainController><BackupTime><![CDATA[2020-12-17T17:46:52]]></BackupTime><ID><![CDATA[{06BC8FE2-E471-49C2-B99C-86281A5386A0}]]></ID><Comment><![CDATA[]]></Comment><GPODisplayName><![CDATA[MSFT Windows Server 20H2 - Member Server]]></GPODisplayName></BackupInst>
