<BackupInst xmlns="http://www.microsoft.com/GroupPolicy/GPOOperations/Manifest"><GPOGuid><![CDATA[{3459AD93-6648-423E-9777-0C82975217D5}]]></GPOGuid><GPODomain><![CDATA[security.local]]></GPODomain><GPODomainGuid><![CDATA[{6f0514af-6cc4-48d1-b2ef-2310ad5fc57b}]]></GPODomainGuid><GPODomainController><![CDATA[DC-SEC-01.security.local]]></GPODomainController><BackupTime><![CDATA[2020-07-23T12:03:44]]></BackupTime><ID><![CDATA[{88456B5A-B51D-489F-8899-CAC699D5EC41}]]></ID><Comment><![CDATA[]]></Comment><GPODisplayName><![CDATA[MSFT Windows 10 2004 and Server 2004 Member Server - Credential Guard]]></GPODisplayName></BackupInst>
