<BackupInst xmlns="http://www.microsoft.com/GroupPolicy/GPOOperations/Manifest"><GPOGuid><![CDATA[{048EDF92-475E-4360-A38B-025342E2D833}]]></GPOGuid><GPODomain><![CDATA[security.local]]></GPODomain><GPODomainGuid><![CDATA[{6f0514af-6cc4-48d1-b2ef-2310ad5fc57b}]]></GPODomainGuid><GPODomainController><![CDATA[DC-SEC-01.security.local]]></GPODomainController><BackupTime><![CDATA[2020-07-23T12:03:44]]></BackupTime><ID><![CDATA[{69A81A90-09F9-4B46-B10F-3292A34AC849}]]></ID><Comment><![CDATA[]]></Comment><GPODisplayName><![CDATA[MSFT Windows 10 2004 and Server 2004 - Defender Antivirus]]></GPODisplayName></BackupInst>
